season,workingday,temp,humidity,windspeed,count
fall,1,10.55398786515859,40.93645469887248,33.6351497104449,45
winter,0,21.257028421350743,39.75830392575999,39.834069859568615,51
spring,0,31.18837507629225,92.50036644168293,12.523394939624948,40
fall,0,26.966746592286835,39.96369598796049,31.243704980349946,144
fall,0,29.196834435843492,41.75597809029048,28.587299157187434,142
winter,0,24.763501001321522,80.7518609934371,41.64151883941356,0
spring,1,25.768296935535574,55.9791873960432,45.304353024063026,82
spring,0,30.47586954695958,82.1368445564145,0.6078385738693404,53
fall,1,12.490040265775578,25.229292605150818,33.700995952939635,68
summer,1,19.682748909294215,59.005695493870746,2.5917899559864512,129
fall,0,11.636283254588067,22.68908801466261,27.442933253867796,34
fall,0,34.630040239899415,25.01225627642836,14.38163645218391,269
fall,1,33.321780190598396,92.51499626755287,15.33882997610706,89
fall,0,6.182804341055177,31.139629689407613,17.64792517261783,0
winter,0,26.167255175470654,62.593654582017365,31.064622452480506,4
spring,1,32.757449522469976,52.887648208056525,16.70249828343846,253
winter,1,10.417260353820005,47.78746610070741,36.63495252951402,0
winter,0,22.038356916578884,91.9866676549818,20.226369278693486,0
winter,1,32.46464892764126,21.74587174203916,3.4176600154979306,277
fall,0,6.0183793575739655,73.10317489404713,39.187992124205365,0
summer,0,25.922608017405196,97.07155473708403,14.2879162296353,30
spring,0,13.920470221176522,64.81345467694736,21.638343979963132,0
summer,1,32.73188586129591,94.94579696264735,34.27219416109508,125
winter,1,34.131747354961036,24.1806303428819,16.6228078574356,316
winter,1,33.32799467340302,53.50346552593291,2.8292828073357814,200
summer,1,19.226426499723914,40.81262327696409,18.69605235064068,143
summer,1,30.861279529679404,78.46567719845838,47.22242913471517,92
summer,0,30.33648195605211,98.50376723977973,32.08671986492791,52
winter,0,14.573014197297669,40.52240499553982,33.57395743336035,0
winter,0,29.86746422452032,72.33396811792596,31.614107681881993,66
spring,0,6.110229041464779,35.847810620779214,9.949606947971839,0
spring,1,22.88809635446159,65.22642036572879,20.916693205114008,137
winter,0,11.900265118631092,57.114598935066894,37.54698991816591,0
summer,1,8.617006573318363,97.76042637052296,5.068644877657958,0
summer,0,7.308596048876275,68.68218181571733,13.892638804485614,0
spring,1,25.888663276344193,47.960509766945506,13.815955423292682,168
winter,1,15.196248913041984,29.12766279103467,21.6009463797253,53
spring,0,26.743003145862843,32.09974629879476,49.01843704710925,90
spring,0,6.960690223968271,38.025354396098805,3.375127334191097,8
fall,0,14.45871013491831,40.07733290722384,25.935049719029752,0
fall,0,21.184738771260115,88.04928462729103,8.968234100610523,0
fall,1,28.721694945168906,64.89782306260199,48.53382727048721,110
summer,0,14.562575087962097,61.87127290994931,5.66517523637321,16
winter,0,23.776741293110273,29.181509749537398,20.180050118079564,140
winter,1,31.579332447085616,88.8111754679548,36.89424924173031,59
winter,0,23.475895645469137,77.8251442566787,35.227721401372264,0
winter,0,11.988784242609013,25.413468952000127,21.136431844696613,0
fall,0,5.73202344669614,76.62680777838149,17.326208397635913,0
summer,0,31.102966217027898,63.483057387411684,19.88061892764353,131
summer,0,5.638082325511614,26.538027659742262,13.213813157931964,37
fall,1,31.24105018052598,56.664051322292515,10.26664693533999,229
summer,0,20.86811402081636,58.775702970403756,24.1519848779445,67
fall,0,33.17203095538689,33.26196321306206,13.426687803380366,271
winter,0,28.96349707320996,95.65585176002259,14.373083244862507,0
fall,0,34.93802331600013,87.99802971845295,32.837803173727856,107
winter,0,15.521354463551305,73.52178698632866,48.42686658499461,0
winter,1,28.015648667933807,56.98364488004857,30.181860027968753,142
spring,0,17.057927408277266,52.941243326760684,3.848973353248314,90
fall,1,19.396268609117264,72.07787737207633,3.779180692703349,10
spring,1,23.825163896551103,63.634549552552436,47.5711610422783,52
fall,0,31.21031342559016,24.98184847055085,14.864539515366681,226
fall,0,34.52250407597886,61.000211901626535,4.603349304123771,203
spring,0,28.048202415935545,84.51228937862716,29.952229357519077,0
spring,0,17.533003465020013,56.73919020775664,31.182438914513305,17
fall,1,17.640710068312103,24.156526204341475,32.42524100593441,169
summer,0,27.127469047666743,82.90225595072265,13.370101392877064,79
winter,0,12.16331437304907,36.10910257087795,0.7555342107237517,29
spring,0,8.31422339394184,40.6896667910431,48.25076847272359,0
winter,0,15.638664729223295,33.17650827458367,12.544652284555124,26
summer,0,13.617169749622452,46.4172051897198,33.801314402627376,37
summer,0,13.889243613679703,80.5401204550908,35.331493493935476,0
summer,1,12.008232531497299,61.550868760314984,30.500370853974285,0
spring,1,6.262795689090856,36.390501932057006,15.645369710682411,9
summer,0,5.536218042002414,90.22640625216327,13.554812688203288,0
spring,0,34.63167169208094,90.36654839612234,29.883414135135155,43
summer,0,17.83319401207587,89.64627400368056,43.304781680584576,0
winter,1,16.52979941479045,39.10369691052314,47.33668644616978,4
winter,0,25.389418480792095,56.099147534479044,5.295290220187882,92
fall,1,11.547616635951925,98.79917249127001,7.7414306298859925,0
winter,0,33.49883551850676,81.76099810479923,47.236812939153985,0
fall,0,28.59035043246656,22.173393698044784,36.82676141673963,198
winter,0,7.682330069367786,25.216367300839366,44.149691241488654,0
spring,0,17.52742327354785,57.114510144986625,10.131631706767157,29
winter,1,31.37354922686494,92.73761646892481,29.379293555470092,123
fall,1,33.34196066874231,63.09614383621714,35.056979720873684,129
fall,0,19.022045337496092,59.82500064274322,34.00559427234863,16
summer,0,23.40234167632123,28.437895996530447,20.407584543334906,173
spring,1,10.011018382762256,72.54240837794353,0.7697445845654238,0
winter,1,34.7350587841093,85.76825284801804,29.146302840213156,117
summer,1,11.950151041503302,50.43360060060499,12.655076958980437,40
winter,1,33.281953224053765,82.0489480740262,22.51271230714452,118
winter,0,24.489399469771055,97.15813231206494,47.879050754190864,0
summer,1,23.232103846365774,36.30131673021513,19.951765882121737,218
summer,0,20.38065533049526,61.866370495579304,41.990080333221336,22
summer,1,11.92009435153276,42.971036646766045,9.427030287462557,102
summer,1,10.295840960165247,83.42835352270714,33.62302490125144,0
summer,1,11.61458627210526,66.2074692704926,48.85034772194717,0
winter,1,10.593147864327635,70.76659340402429,5.094655043646839,0
summer,1,28.3875342070026,83.83313276927153,0.4159971113596006,119
spring,0,15.503757775001903,51.677637812996394,21.67913963163072,0
fall,0,6.735280296901891,93.20720547256346,4.63127415256836,0
summer,1,34.07307890422434,62.6423093796912,37.419217483811565,242
summer,1,31.51357654890277,32.63638582682784,45.727433192427945,252
winter,0,32.83256849585639,75.67192945350419,21.701048635437942,79
summer,1,34.847234679393054,83.46090803506036,12.935582107772047,166
summer,1,10.216857476584618,45.34093416540213,21.72016595033049,72
summer,0,16.887260567079764,88.57434055990024,36.17239089250005,0
winter,1,27.74715427112274,92.4914603812613,0.4527080790185489,107
summer,1,25.880618541613767,42.15235899022471,29.472699474234858,176
fall,0,9.616877190195652,98.68171781721776,30.664584244368953,0
winter,0,29.474993749718532,31.256922243900675,31.884412344796775,168
fall,0,11.733217155099819,36.1612534721992,12.101103999043861,36
winter,1,11.714528444678692,34.73798713904209,35.70263616890634,13
summer,0,21.109232686802407,91.51917680062964,4.56957431658882,0
fall,0,22.788198045251093,72.34340418599695,9.96351682334004,47
winter,0,22.402586235134336,32.16834265778183,43.873502332724094,89
spring,0,7.744605121932646,55.22587346946792,36.93615753632832,0
summer,0,31.32382587891141,69.22384200558416,0.6872777005672626,198
winter,0,12.968001277661182,26.677126799150663,12.41881301849001,70
spring,1,8.885447638484125,90.5933094725871,10.720324149658229,0
winter,1,31.662442396069316,84.28828283532282,13.540316401848628,105
spring,0,33.6695449468926,60.41654188613106,12.377988513994321,190
summer,0,30.86382851796352,97.37012922073363,3.126314787142287,50
fall,0,29.285482241746344,53.420878342007974,22.947025829841017,128
spring,1,24.65725941917065,98.72882552291982,36.63667373930826,0
winter,1,21.52572111827418,73.43359990429016,30.33658623587182,31
summer,1,7.609602797342304,70.77370186031531,33.64358342990399,0
spring,1,17.25359639212096,33.2763916236628,4.057458926811957,194
winter,1,16.18065551036942,90.55422066437151,47.57453550883936,0
winter,1,12.792613512809787,54.19917503364921,41.92459169215124,0
winter,1,26.70260341065755,32.97867246259835,40.254515924783135,152
spring,1,19.876272052363124,21.00860159806072,41.149190252088374,156
spring,1,7.431386477229438,64.7804546910706,46.63552540663807,0
spring,0,11.60549605849434,62.19196976981411,27.212698305684885,0
fall,0,25.497762909787877,77.54828978953269,10.014100893381295,69
spring,0,7.283925784709005,91.22064424142417,30.839180392627057,0
spring,0,30.53620742146306,26.352526771442363,37.14407468339695,180
spring,1,19.85439581041923,78.51971922722899,36.89586966770127,0
fall,1,19.41759731979944,34.99295552780658,26.072451208344006,171
spring,0,22.772233539785528,88.65416425257311,3.422935966678903,0
winter,1,29.740428977754476,85.52508110893248,18.55564692150639,44
spring,0,15.434276237065792,63.26350039884355,46.038330423167864,0
winter,1,25.340484576771907,76.81942388986492,29.2224454878713,47
winter,0,21.97195891987373,45.14800905469987,26.91659716278567,30
winter,1,13.01084810508264,57.69343191462517,13.442675719109676,2
fall,1,31.35889959065474,85.73095181683773,18.422445995828944,83
fall,0,28.922780648207844,56.741215773857114,44.76730445765846,109
fall,1,24.753555039752765,48.623861226035345,33.32315237634179,158
spring,0,30.51745187282726,59.53699578002399,39.36935133761664,120
winter,0,31.01882602879407,86.25994019497747,22.717271153382757,36
fall,0,26.250889301451043,46.81664378966982,31.512360972807897,148
fall,0,30.110399850910163,33.900927450859506,12.419180437160376,210
spring,1,25.924143850078508,76.96112162646246,35.27304151417432,35
fall,1,25.404223152809013,86.07825701664655,21.380066685166867,54
spring,1,23.558341346455528,28.050998281882666,22.12727574073728,260
summer,0,27.581499186729236,39.189929020475574,32.466116228844086,144
fall,1,9.758153158792211,31.357759180879512,46.81403107344633,4
summer,0,31.426122775967855,47.83531292657333,3.200317330431046,236
spring,1,31.15530583235696,56.02807831243301,41.23716186735038,170
winter,1,5.877418491036774,79.90610695706451,14.619155520609656,0
fall,1,29.77450251694288,72.09180679053392,22.195972725318892,156
spring,0,8.866096024203356,69.67428539827449,1.0956664387504478,0
winter,1,15.053565627774256,48.18999572877235,15.05230389171565,48
winter,1,27.30524768874823,87.3158042467808,25.131562131506524,10
summer,0,9.822796881449246,57.70297339185316,2.8088038673719504,0
spring,1,29.539010723571867,98.32839504121236,24.55478646915826,60
winter,0,29.964025338732256,70.73137106365894,46.35553144292137,55
fall,1,20.224032012825084,30.101179325160217,5.2696609053902606,195
fall,0,5.191576151505007,74.09420496603472,38.22203640377522,0
summer,0,13.611143995247383,46.00832123453592,20.483552668799632,12
winter,1,23.507807551272265,74.9061757348878,32.7586857262169,0
spring,0,34.435585340822705,25.57129185299246,13.011829899261468,308
fall,0,23.954405810500052,33.99051497407675,7.974613127067914,178
winter,0,12.794107431924793,88.4589807124629,8.023130713561322,0
winter,0,24.020171092988342,38.17436456188119,3.5245972821572327,170
summer,0,21.199561391475665,86.9632900194352,9.282335245062152,11
fall,0,28.395361854534308,42.34208707635283,33.21096924944841,172
fall,1,8.209419164808752,71.43055280469662,44.084530592175405,0
spring,0,27.830837075060842,75.53204588078648,40.70628427955809,0
fall,0,21.23799736028331,61.012380251604235,34.25671549372421,4
spring,1,33.88976011576984,44.4248541357385,5.521593170555134,299
fall,1,15.256164981160582,37.01155010968769,14.459372314797491,144
summer,1,23.978656794018445,22.655148364994098,15.490343766123448,276
fall,1,32.960843165300524,44.31571209925791,12.49784731988106,251
spring,1,8.075291839720379,72.25302324250265,25.750282985486155,0
spring,1,33.11685461709354,95.06438547587861,26.77769074398363,126
summer,1,25.636571669024402,89.69635858104417,17.84429875855551,46
fall,0,7.035111773155157,81.28518212282421,17.6894579368218,0
fall,0,14.028907008404488,83.0757874602639,41.42777989530407,0
summer,1,26.24516265935845,73.19879227807962,39.46464241598428,133
fall,0,7.0205180440631505,40.82294860528024,15.389791584037283,0
fall,0,22.465113805288198,92.57560245646638,45.68942219366296,0
spring,0,15.376491708588702,73.65858495246673,47.6407508501253,0
fall,1,23.627465533024314,64.8352504784352,16.33712710150204,88
fall,1,6.372261014375385,28.879157537078484,17.721247439652743,41
summer,0,31.14610418457129,55.764443504514034,25.28170767109794,168
summer,1,34.2046690753219,56.8286616961541,47.056040626683675,196
winter,0,34.06633565857074,89.16508876181359,43.815971657115576,13
spring,0,27.48955495228774,63.731857615023074,5.12839812917949,117
fall,0,8.902587203918959,50.43204391763277,19.63653716357081,0
fall,0,27.74789587787068,98.14402628085274,27.668559487488594,0
winter,1,5.737607493764045,28.857647466105256,25.156623627577,0
fall,1,5.663706545869918,53.80387426495557,9.693153396844634,0
spring,1,14.708306574486237,23.361974013712423,42.940838558407734,60
winter,0,19.659295712139972,79.19232966135442,33.84703914984187,0
spring,1,28.112222534233798,93.44612417593206,41.89541874259018,0
winter,0,25.498861298195155,42.40298636403915,42.93821396747361,55
winter,1,18.37708119130245,88.66733414392966,37.41779268328699,0
summer,0,13.208799988449977,43.37745843695182,21.960530062485866,15
spring,0,34.913735004731336,92.86161293151322,30.527337750771228,69
fall,0,17.78543906707919,80.31695228774271,8.018270305987157,0
fall,1,18.541610729890266,84.39254214731508,33.68227087374539,0
spring,1,9.908714635750076,21.44052444803636,8.962662786964037,109
fall,1,28.84428646249788,97.02482856592208,34.69747952550784,0
fall,1,25.81046677344466,78.13367936562585,11.479908037698433,122
spring,0,11.623088383662811,44.380087630890664,5.877565007510999,59
winter,1,7.471431368475281,86.35157318870776,8.26422450714787,0
spring,1,25.414979062241393,42.521695873194396,0.0996067609535134,190
winter,0,24.63533642843406,89.82030716529023,35.93698089267651,0
fall,0,13.19778580994628,29.00643123295496,36.620052452918955,0
fall,0,33.52590686751231,76.29487819686366,25.746667495662972,110
fall,1,9.531736753427007,63.25587813159282,8.068140052769184,0
summer,0,17.970044031278057,27.722757615635267,4.177716875534488,204
winter,0,33.30847760502797,39.35150626070712,0.9564483218643505,253
summer,0,17.59181950778367,20.992322902185183,8.287408848261036,165
summer,1,24.155778429922567,57.50143723716047,44.54277674915733,137
spring,0,16.927831938883827,44.10122086080003,12.076842085084088,86
summer,1,13.2264560704601,67.86859874382071,17.71356636086078,0
spring,1,34.51932943879485,43.77902461668938,5.267274224066659,275
spring,0,17.280020189451292,43.993528920558774,11.118065237408514,66
summer,0,31.822976110374032,79.45545589852827,25.961228539010257,122
winter,1,11.898638176732586,23.851426878268278,30.387634154782628,65
winter,0,11.3931411207525,92.23159961535897,12.267615708310553,0
winter,0,5.934022486535341,88.18110995129452,2.8866079612558604,0
winter,1,24.55000476127655,73.42437465811253,19.551643456369934,54
winter,1,16.055790311712833,67.45772560859075,11.710168546316707,0
summer,0,30.930747495189113,91.38419985117218,10.977696161490098,128
summer,1,19.196297200746713,34.82641436229716,47.99314013567276,90
fall,0,34.045802837441656,26.31753297526629,30.815024296286204,257
winter,0,10.565765471093634,39.16081359276305,27.843922158604794,0
summer,0,31.058695038668322,83.56626229601522,20.788755176166095,145
fall,1,28.297905583752254,22.773621338118666,21.447216671507213,252
winter,0,28.12765533932156,66.62454680667918,27.045250191904042,63
spring,0,30.343496843506628,99.63500129530479,34.82149035180536,6
fall,0,27.830719728289967,88.45568750700315,35.107304809091474,0
summer,1,23.786609648942463,61.71565512348715,8.584695385272479,147
spring,1,8.937346330471627,25.091272742931388,25.00563760383135,77
spring,1,5.9757853847375575,86.50988115085678,20.597904751705098,0
spring,1,32.6254354344706,67.91828065417684,43.52634831346921,164
fall,1,23.49950943562214,29.19463976476535,31.57094606091882,183
summer,0,28.89611872928529,27.508582785868498,26.62520332079909,220
spring,1,19.4456705453765,92.7701455549274,5.769732108945869,48
winter,1,8.519245668871834,73.53602103504628,30.281894466170574,0
spring,1,8.755573766076512,86.34294394534044,5.860195284011671,0
spring,0,25.56695861686914,90.31831202258138,16.860328778287602,49
fall,1,17.909176846983883,65.74178816386578,7.142098240716593,30
fall,1,11.015741801010101,61.3957081404033,34.603682351218445,0
summer,0,19.747836402243106,54.43419282567922,10.31260569180763,75
winter,1,6.926268112254022,45.355727023289546,19.5929686594013,0
fall,0,22.459142057431965,54.76767686869694,44.783738880938934,28
spring,0,13.06980213305293,81.91037245841251,10.215819169948514,0
summer,0,28.926773019115643,68.15387448121052,25.390253197938957,93
spring,0,14.310858767707213,91.4018631963877,20.9635830583011,0
spring,0,18.656604472454035,55.47040115033502,0.9062020522864866,56
fall,1,5.348616197243019,68.56716629750032,39.63790567864064,0
summer,0,7.173406633836766,70.5046042473591,3.4522953157299865,0
winter,0,16.774806692200542,67.33577298450604,23.71275104884768,0
winter,1,19.398165041513707,76.2107018468413,28.033914746947495,9
fall,0,23.000616443579112,38.9946774699845,31.421322830729352,102
fall,1,13.749877361279097,60.98910220366325,34.431581465393776,17
summer,1,25.849456583796275,28.337984224667814,12.663619176135754,275
winter,1,30.803671915676137,50.760906211585,0.49893883292246866,242
winter,0,28.395529666800496,59.01336548970115,36.1721831177456,74
winter,0,6.188564760450714,72.17794076363779,26.78282996737893,0
spring,0,19.415208417734867,96.04248420689628,41.805885160362436,0
winter,1,8.147905352545246,68.05208532386847,41.06941814503472,0
spring,0,12.261350475875824,79.48751329412478,42.16630838939416,0
summer,0,34.59987779801439,60.50128475961622,24.25473299897701,210
spring,0,9.274866287045397,70.72832251010651,16.681419791843282,0
summer,1,19.966644603540683,25.674577290701876,39.5779101295685,141
winter,1,23.544672029543573,40.35132646734776,22.564705651462745,108
winter,0,26.073949116323117,48.948247456411096,9.172109820171725,117
summer,0,21.789460504607423,57.799468400521086,42.748700978073714,44
fall,0,5.2931254225755096,23.6518996401907,44.127993838617364,0
summer,0,14.793839247319756,31.201927804265416,23.315487807008505,82
fall,1,20.531349301541344,42.14514462330446,3.7849863654893734,192
spring,1,7.635994974345,97.72261527208406,19.391304495846562,0
spring,1,15.518807936275422,46.50776056824406,40.17688297313017,16
spring,1,5.996093263740997,58.5632846489666,45.088701427311435,0
winter,0,7.357354914650623,35.68781701907143,10.173637124879791,0
spring,0,16.907698286047882,68.86240568606146,3.348680601263576,0
fall,0,8.981472621291811,42.45465724127794,43.86752265664193,0
spring,1,22.026225447846745,36.55940627507414,19.470246948943764,159
summer,0,25.683949074117972,61.32581027567832,27.088048213378162,60
summer,1,29.017600973272486,20.440463932833666,48.40329060253794,263
winter,1,11.004507327344303,20.613122611938024,3.3282363957111425,89
summer,0,10.024477467772092,37.52550472814862,32.41590037260478,0
fall,0,8.137035210032007,22.93770900006569,3.7052711287433535,88
spring,0,24.0929074863091,28.64206033045531,18.77344642332502,194
winter,1,26.194271794607033,47.10885194710013,40.190727259672336,110
spring,0,5.947584344769261,84.20685436638503,21.67361163778172,0
spring,1,33.086367387310695,65.76389146954406,49.85911769514752,119
fall,0,6.559138509544172,61.01341807651331,27.952964247330108,0
summer,1,21.238890059032116,43.47910585664973,16.058107631797675,215
summer,1,26.27181558352749,94.54029755462531,11.005566295237657,76
spring,0,31.129073712382567,51.76120329897533,17.52602671430809,195
winter,1,26.422607963972833,26.96742134366172,18.62666368797754,219
summer,1,29.051842492093755,69.3653212894241,3.4356838861980488,153
winter,0,15.183505776284182,29.107071478128113,18.47870997133866,36
summer,1,29.444753412395368,47.61785142413537,23.211925986961248,230
winter,0,7.403445391540254,60.592955097424706,36.13688761194023,0
fall,1,31.84449968181583,89.93780197481406,32.8364742360804,73
winter,0,21.42777128461209,59.48372642720949,35.438282761457714,0
fall,0,29.51893309887481,76.18070128253314,0.41818409384285493,93
fall,1,18.569548535549004,99.42534711992563,10.883369979026803,0
winter,1,24.30733085589575,30.519129591838528,33.084214419992826,135
fall,1,20.792079828083395,41.97852204156156,24.199468408987357,107
spring,1,26.947685652659956,51.56608604781171,0.2656737834172973,172
fall,1,7.448899460917687,53.74625428310651,40.22473212159112,0
summer,0,6.810562519716914,52.88168602124366,38.64047866451687,0
winter,1,12.413097020304393,92.6088802045244,27.420958149678132,0
spring,0,9.78634040339565,77.1226115573485,3.323166288813606,0
winter,0,31.15350699776605,68.6324171272563,38.32575247662923,50
summer,1,11.57641962074133,44.74981742902257,29.185679386568196,0
summer,0,34.27595767457394,85.90323073770358,39.097998857897956,77
summer,0,15.106873753133206,96.40484091879911,37.58734961979202,0
fall,0,10.463537470660977,85.69586260401812,40.15010359789186,0
fall,0,28.690955214274375,20.125208415317832,25.90040332023124,204
winter,1,24.761233265026284,70.91210961467256,7.016225909675749,122
winter,0,19.94587149359417,24.090830515368058,33.557873668984435,103
spring,1,21.660906528128937,40.60857762669775,31.02368925259853,115
spring,1,26.576053348167914,24.761976027821735,37.11265935995436,185
winter,0,11.853642239938962,68.30363623595102,8.494050302536765,0
fall,1,34.89001748170226,74.92719307940854,9.748759995014462,184
summer,1,34.2437948644035,29.159011045272408,44.52047586096642,310
winter,1,24.509770590408106,50.707110643598355,37.49888992260354,83
spring,0,10.986273527874353,56.498920716443365,45.411424435016144,0
fall,1,25.40684727293874,49.52424174087333,37.93576605819604,176
winter,1,7.165952269375275,29.682000038815445,29.857765299515094,18
winter,1,5.919575066174182,53.515823214998036,32.70663685139368,0
fall,0,12.73048665533641,80.09424382467344,44.456396197000494,0
winter,1,18.87868870217949,25.680613162660435,28.940337725597026,119
fall,0,31.048175162251415,26.414401126552278,31.619566216419372,243
summer,0,26.81507209298924,48.38170334687874,7.823835800180029,155
fall,0,27.28119563599943,95.33805692951401,23.696061005805134,0
fall,0,17.76480003344226,73.48581173783313,35.81985559790495,0
fall,0,15.378049776408888,74.29359653380519,13.54713491581827,0
winter,0,16.131162889538082,48.9535992670292,10.112709026226746,0
winter,1,34.62948691208173,67.49286329668308,15.691340411220779,188
fall,0,6.203275742374474,20.81049472221947,12.075031399641672,9
winter,1,31.010944883673456,70.88768371276338,10.745631851819793,153
spring,1,22.3602622571718,93.06295580609894,21.242542143404346,0
spring,0,18.158462575687714,69.00587746758553,45.391925694176706,0
winter,1,26.757729812454095,89.89588747730761,25.352982336935913,0
winter,1,19.600068242741088,77.9178444372875,9.396019040766152,50
fall,1,31.202697142449818,29.644673312295218,3.848583469043704,253
summer,1,32.02105592033776,92.19626458286734,34.80780725689626,112
winter,0,17.651627806203663,25.31550754846199,19.139938221819392,93
spring,1,13.304833917051548,62.7173978038211,41.09154732926796,0
fall,0,22.770509857800867,31.370969903476613,32.97553843203851,124
winter,1,32.37090036850073,20.936528858472325,39.81207252706842,293
spring,1,11.319865670169998,53.76274081021112,13.597301970922437,0
spring,0,23.688997506904485,43.6032566123325,34.6179461230529,106
summer,1,23.946806602775617,58.88003950380824,13.203099234685938,90
fall,1,26.99339067245843,66.17599093876407,46.95342397251458,56
fall,1,8.947030553817793,23.499125784715787,31.81871407666872,91
summer,0,26.474748940462657,29.84026360989965,16.225590008767103,196
summer,1,32.270975619969235,64.69139171603402,13.475593114613632,189
fall,0,10.39049326610726,47.45338825381266,9.546329253582176,0
fall,1,12.12629974771633,78.33387900395584,34.73204794468639,0
winter,0,34.14185282124919,72.18333188735517,10.935780649896365,72
winter,0,10.429308581284694,87.64834903919254,29.765163296374453,0
summer,1,30.631552801087373,75.39942613353801,13.231751346267867,207
winter,1,19.768335693441045,54.394486191211854,33.09844723969343,91
spring,0,12.416932232095311,73.8373297915546,40.74698642702696,0
winter,0,31.122497038175343,42.03049394043348,38.90126215723266,105
winter,1,18.359157650079965,44.505079902257016,38.042566546539085,105
spring,0,20.444520617890706,83.11881279366347,9.386120284612604,20
summer,1,15.777001081992971,55.71356131212657,4.419247349225936,110
spring,1,22.78852554304782,83.8704272414682,34.94744142436928,0
winter,1,9.905716177550683,85.79378989346228,18.417360689717565,0
summer,1,16.73244609955282,88.6049870129027,21.617311320167364,0
winter,0,34.082369670058625,93.33081886729659,1.5574546396695532,76
spring,1,12.744002981033827,54.4788176410637,12.97882246375246,70
spring,0,24.702099936238767,45.509345465691105,1.6838201937232011,169
winter,1,14.755701926740846,66.5758997275291,43.95928863006238,0
fall,0,28.20419377059802,49.69379387501021,12.169834160926523,179
fall,1,8.926209821550495,68.08593334401863,27.866858478650403,0
spring,0,34.094631352356345,76.44686901150597,1.9489660330565206,165
spring,0,18.61368624150918,75.07240147937095,33.3423695652829,0
fall,1,12.081513900393919,49.96423096160971,16.151367287704694,0
fall,1,7.20490241990038,33.34881613590022,44.89595934788329,0
winter,1,10.092737152626222,54.4423470769766,44.40590944670179,0
winter,1,20.593218456680532,31.4075315265527,16.264530918087388,108
fall,0,15.110095292938588,91.20776281470467,45.04804478452339,0
winter,1,29.866500976478285,47.67019685902859,49.80788367493894,203
winter,0,17.92662570985418,32.3567797778659,41.2707832061974,0
summer,0,12.461428177628896,22.035820792460072,42.24356738776145,54
winter,1,23.5143495981209,71.66579090291874,12.450436805454496,77
spring,0,26.203316506563375,70.95218539637946,28.835119942887815,49
winter,0,10.011257237028495,47.248333326503335,3.3627956983683926,0
winter,0,10.02857648864953,25.736951107812082,4.745896841083486,0
fall,0,6.100142808006289,52.770311591618565,49.94463060166453,0
spring,1,27.092060451969214,44.897399605071485,16.331962471295547,182
winter,1,24.914135828654153,74.16965117880075,37.40919560244232,0
winter,1,19.238926272494417,68.46233995621523,40.33325265134082,16
summer,1,30.325113469075912,49.167498255803196,42.90116355036146,225
winter,0,29.170104588501594,37.43140434039921,49.881414870107825,115
winter,0,22.560630931902566,99.04287729244734,12.074824262843393,0
summer,1,31.04813841539776,56.32012969568919,2.0175413429849853,275
fall,1,11.175236301103048,75.06193886241897,20.5595758997293,0
winter,1,8.357588581931836,31.244237406268862,6.504033491447347,62
summer,0,13.092488345509688,58.84717597275183,1.1212944581027562,5
spring,1,6.712605682679445,22.202937589557237,18.021341357074306,96
fall,1,20.93508584003096,60.436409432835994,39.18691255376182,57
spring,1,33.098170768848846,97.12139256941619,28.309034561253544,92
spring,0,6.180306220055289,50.736537038864014,15.638899460517703,0
summer,0,8.663297420300804,23.119681005992927,32.71710027463598,35
winter,0,18.565970848503056,22.47646327354748,11.600909015440536,90
summer,0,33.01625052583715,51.03894079574956,0.7190723036042512,220
summer,0,14.484683149302516,32.801994917055524,38.21766932182137,28
summer,0,20.217044260651775,21.868167706254873,31.187154243200453,123
summer,0,6.247185771511763,80.49708911601414,38.115131225047996,0
fall,0,9.450296028862667,56.681840710551256,1.9469008343832805,0
winter,1,34.598903688765404,43.139581757812365,41.85598139153261,261
spring,1,33.95356089308137,92.00665464131846,30.976310001815165,76
spring,0,5.148199428032289,29.29111681604205,28.169767535632005,0
winter,0,33.55435356269717,96.47350631642554,31.23070240572658,0
spring,1,24.17359813446501,45.117337390188226,43.2216623434182,114
winter,0,31.037548835600663,91.0722937846945,29.346825327945353,0
spring,0,18.642195669015774,68.23543011835693,29.047518994408968,9
summer,0,20.46788085737751,86.136588779319,49.53395785328829,0
spring,1,19.665397407707605,98.72105305683715,37.8365083534284,0
winter,1,25.00592772638313,43.07243502549966,22.114690272556764,162
winter,1,9.189537642689388,96.89083883260744,35.369850001646384,0
winter,1,5.899207696180339,51.15855159219363,19.461523584589425,0
winter,1,14.237898247735728,50.84095237895379,11.44377312417495,64
winter,0,26.1404228820994,47.230968340360455,29.84259384438797,113
fall,1,11.05560356368845,63.312608587806814,46.409104905697575,0
fall,0,25.20297299974752,32.33160345427897,46.45697600077314,140
spring,0,34.097361383218114,64.2969188286409,17.095263905274514,170
winter,1,7.817021473682551,63.33638499280032,26.38387331108475,0
spring,1,25.178063546753787,80.9521450083896,10.58179492849306,62
winter,0,18.312506579137136,86.69199695500684,49.78155547494417,0
winter,0,31.044267631325162,55.23530802499393,49.05589539339679,132
fall,0,10.314493683421578,44.1866599481195,32.475446485372366,0
fall,1,25.778778566784936,40.746791785367556,40.22070298387367,174
summer,1,30.143458689443307,35.569906936389756,35.755008064185,231
fall,1,33.3384265842207,24.61180657592199,29.65791095197341,275
summer,1,25.497440848689376,47.395838306777065,2.6673998494448847,245
summer,1,19.91524292025282,41.61981537046266,22.738217127633053,116
summer,0,23.535417206036414,97.31339086931258,33.739315108370526,0
summer,1,31.067149534361548,64.61670610000351,33.876580694184234,176
summer,0,22.11829239916489,47.78216312244061,18.65613092111918,112
spring,0,5.911611790905106,66.43740807949568,47.084599332901526,0
fall,0,32.92846086520933,31.13573610765564,8.36785161183905,263
summer,1,25.685802530946834,55.523499936176236,25.01797231077803,180
winter,1,25.295401573317395,70.0987457136851,34.54419882754114,69
fall,1,11.470254571931516,59.11182654339611,34.85679029459046,0
fall,0,24.766564106979715,52.14230405234594,32.43194783844078,65
summer,0,16.815932169624755,99.50787111197586,13.764410672593009,0
spring,0,24.536989311244763,90.42518097191416,7.810328434331098,24
summer,0,8.197790909239721,69.87247665275521,31.797016341335542,0
spring,0,24.73535913809108,65.55018889458262,29.965105806971888,54
winter,0,34.98241177311999,69.65283838596673,8.967800514462049,87
fall,1,6.446361165816681,36.10496862579466,35.25695727852817,0
winter,1,34.31522552663952,51.61101946114549,22.75859958668282,261
spring,1,17.20723882168612,23.156762631271945,33.38802958015765,118
spring,1,31.122603510117774,58.04368299894613,41.868353988507536,143
winter,0,28.471564521748203,63.44196671661305,8.486421428846159,110
spring,0,22.010487829600034,38.21997888825677,0.9572433998418339,105
winter,1,27.153476277539795,97.1223077732411,38.955129319789336,0
fall,0,31.355466839040435,92.75636887497936,30.484871257630797,34
winter,1,17.12420964953099,77.77145883647248,34.98197848110608,0
fall,1,14.810994846897161,62.670930301229006,41.90774874943213,0
winter,1,25.02780156690754,89.5975327718148,40.14054674122502,0
spring,0,29.23537825823776,30.452187505877035,48.046007346441236,179
winter,1,27.868554043298474,83.2407835419908,26.79675394260591,55
spring,1,28.934409465759035,29.985665117347864,24.42478163299527,244
winter,1,18.06749944438799,83.53685300395243,20.094359994536504,0
winter,0,29.535026485250647,42.06140546010856,7.684552142210227,164
summer,0,8.606271661118253,90.16724648145511,28.63036164410112,0
spring,1,21.334672938825488,95.52336750603183,13.85062621629894,0
summer,0,5.172759814943647,31.90367755240925,46.06537561064877,0
spring,0,14.737574897008109,57.01404840523148,29.15954021385488,0
summer,0,15.993846046141936,98.47899025301481,29.642009025405507,0
fall,0,16.885180748277662,58.67259487785173,17.746233043850502,0
winter,0,25.864016200695865,89.08380180116362,2.5994675988853744,0
spring,0,16.65674303811037,67.09852177050558,1.587188268649431,9
spring,0,18.460808678675917,50.02639263356815,21.166757207659874,48
winter,0,12.126323926229823,42.862684442069614,4.228268904861893,15
spring,0,16.197553748880203,36.257847286886985,30.342347777006957,36
spring,0,11.818088817894544,80.94385531021578,44.04865028198287,0
summer,1,7.195877713053309,50.92324054584223,44.14574082593611,0
spring,1,23.103457801441337,60.90203697606009,32.95227050661162,100
fall,0,25.046383956650487,59.386038400094556,10.56159157364655,65
fall,1,23.584710380288435,66.1823223386505,43.149841567943604,56
winter,1,18.90482131401717,89.24617164996418,44.30467176566041,0
spring,0,16.393573405376895,98.45914748667435,9.832679247647935,0
winter,0,30.900009487154758,52.606736685905354,36.871304288533864,53
fall,0,20.572453554086543,86.20151376850424,14.325977446356147,0
spring,1,19.37545632889193,81.16222357237741,40.13201561764648,35
spring,1,5.76926197419307,65.88231611644586,49.86189499518014,0
winter,0,15.237434828784691,96.48377148895464,1.5013002664696407,0
fall,0,16.405868563575712,36.037961242272225,44.86829328954659,27
spring,0,16.964683426907015,28.74113682476971,31.131526679932904,84
winter,1,22.40517107681997,88.31695735643378,48.669130958241055,0
fall,1,21.008076401806353,55.13198533069986,23.25047587632138,58
winter,1,23.23715278380334,87.75750833656484,42.369396528568686,0
summer,1,27.94649784626385,91.44721641563319,3.1197034299138613,125
spring,0,29.389572161482803,24.996607489525715,16.763952503914787,230
summer,0,26.543692286794833,90.67718103888485,3.3508268875604985,56
fall,0,33.66571087864804,55.86552442955377,48.76715667395353,151
summer,0,5.546977480290849,60.83459912033858,40.84869536359184,0
summer,1,10.873339570506383,70.12740088745682,42.62737106229852,0
fall,1,5.226886249344264,94.11060853840694,46.89826157169471,0
winter,0,24.42424142463809,21.52928755438112,4.255174305989268,181
summer,0,31.94091646849961,58.14747746542537,19.27987962566667,177
winter,1,12.304468897288977,75.01776339444486,3.551744452200106,0
summer,0,32.8110363438892,77.81655661585827,10.53965507750143,135
winter,1,6.808021708686826,75.40259452296864,11.468288851883617,0
fall,0,33.03308080416543,30.75481035264975,23.455360552378934,230
summer,0,15.548680617189031,43.9516470697345,13.428108372682129,35
fall,0,8.042624853476497,48.69724203336108,5.048905340888055,0
summer,0,19.57615277558977,84.3549766143604,8.374554454705386,0
fall,0,12.70329703161524,42.30078979316424,7.363778177604546,49
fall,0,13.546187058857685,36.85639710937625,48.653839895614915,0
summer,0,14.218698947788598,96.5958415230477,37.96462534592368,0
summer,1,29.090776934979903,20.709062809077512,48.3880732634781,328
summer,1,21.174838300257633,99.82566845455825,21.987024325395428,0
spring,1,14.33923097468011,74.14570390859166,13.91842408313283,21
winter,1,23.31001349932755,86.27754395592936,39.91465986045933,0
spring,1,26.484520226695807,43.56955170769545,16.31269590205734,213
spring,0,13.178720022006013,21.145222213364796,14.969168685267414,106
fall,0,17.406473045760546,79.0295614849224,11.62529961039156,0
summer,1,8.656582800108428,86.73156776005406,6.483948911211767,0
winter,0,10.43448048604041,79.23809055628153,12.823153050838298,0
fall,1,25.433535618949485,31.428022984067088,17.765987423694384,205
spring,1,10.443150430868808,80.27423378055752,33.69971040728652,0
summer,0,20.754901510011805,81.51382256861127,3.128242110972579,26
fall,0,26.27138785167298,72.6832412536044,10.525346983267148,82
summer,0,8.206307692842316,81.28927462364689,40.45118201458382,0
fall,1,22.019366588867108,87.67371517421857,7.346096179188538,52
summer,0,12.696883511040912,69.08832913899667,17.132257326126076,0
spring,1,33.887806257127394,27.088377117574325,43.23294609290701,259
winter,1,19.50636940159774,59.01022477337687,7.746265557172133,45
spring,1,29.179776493254742,26.211946773728407,4.136841780909495,293
winter,0,21.506796264687853,52.60344248259447,24.22689975400054,38
summer,0,6.302375985644575,52.56851913005021,15.12097556392682,0
fall,1,23.994541267820672,25.280787531219325,28.170418224192705,235
spring,0,33.54210026619971,47.905642717558344,40.19024452417376,182
winter,0,23.048354604389935,28.879847903305187,6.857424407637158,144
spring,0,29.575665782803707,84.65881680073777,29.03495422771425,2
winter,1,31.526193900452235,95.81504207715766,25.275438019493198,17
spring,1,11.842393158467974,25.78531802063509,7.203939300659979,127
winter,0,11.361345197246798,96.40921658333612,31.19992427644912,0
winter,1,23.32942966552975,61.80612794693961,13.682020893038583,112
summer,0,17.330854094201143,43.96525423630991,24.391715927200625,60
winter,0,30.19583908600161,26.14896602209308,4.113616213853094,308
summer,0,32.000693701940335,60.04994144563342,22.979202860681152,223
winter,0,15.602641379081543,83.56124355925989,15.323173402141016,0
fall,1,12.106116769234461,76.56691818133585,41.119060559267716,0
fall,1,28.415765457315853,24.0180809171179,2.848936349868414,312
fall,1,13.244181066444083,25.832146829432283,20.930363745916498,146
winter,0,29.67842955541035,52.229862610610965,22.9215712065719,74
summer,0,17.712147609462885,43.623239523835466,36.250303814955934,7
summer,0,25.026496978744113,38.59074584448383,28.714378754510548,135
winter,1,7.866059415040045,42.48035991269709,33.360616859709054,0
fall,0,23.71577974029719,84.27861946375077,38.8524642825878,0
fall,1,18.55303036211687,94.33824429054832,43.11014868290944,0
summer,1,22.59825389526422,52.408215562205314,15.693774836123525,125
fall,1,10.040426232345903,92.48888017059977,26.901135268195148,0
spring,1,27.106212348325464,45.71965609983056,42.005403921959996,182
summer,1,30.883912326296855,58.11495890750333,49.472556548252825,149
fall,1,11.50219400272327,38.08231982527998,44.47596555218816,0
summer,0,7.871436665604852,71.23808337406751,18.57336313121884,0
spring,0,5.709157581390092,98.31848921398472,9.758325860932521,0
summer,1,24.25914501329798,68.2794476834703,24.469626870329435,107
summer,1,23.212821082663424,48.62512672908391,37.08207259180211,129
summer,0,21.4009223814221,71.82539567924226,24.62845353766488,17
summer,1,11.958412883479262,29.833654277231005,24.159043165683425,94
spring,1,16.72717987716544,91.09272642123189,41.91152105409003,0
winter,0,22.834290055585193,60.24671606238691,18.070188953359317,12
summer,1,19.90300576577508,55.94797936317136,42.98973374058228,89
summer,1,34.63356560644662,66.86918307628153,20.340240047586178,233
fall,1,9.093192576701995,69.9827090231522,16.41165528391697,0
summer,0,25.854336621427812,25.742064498121042,22.69949555998495,182
fall,0,17.129563043128762,74.60937769787219,38.12234793374342,0
winter,0,17.84598844776844,39.35453442524236,6.300101393199714,6
spring,1,26.527932969745287,77.11621060052718,9.82096079360087,113
spring,1,25.77308453973109,85.80278355073574,47.5722412831546,54
winter,0,34.73767981106565,84.31668060420162,8.77458136906787,54
spring,1,8.851828683623758,64.20007739263113,28.38636589655273,0
winter,1,8.12328948152499,61.613591384860094,28.965723333096893,0
winter,1,26.730164513862235,31.430076907152937,24.48122310251224,227
winter,1,22.351607510192274,82.02769203225085,32.23726242884093,0
spring,1,13.224819996794176,41.71275043573715,11.491336289880921,62
fall,0,7.382581069669598,59.73563382543573,27.633113388837412,0
winter,1,7.569747487892916,42.74192743420134,18.608662762344856,0
summer,0,31.825726239923547,30.706269039975453,33.08336298145945,287
spring,1,10.756019741562287,70.36461575133893,7.061177168657473,0
winter,0,14.701146863465622,24.346562785832305,28.543870841973813,40
winter,1,11.79969206680964,79.891618730096,9.263517769166185,0
summer,0,15.649889174958119,45.406943620889336,13.93215315575182,59
fall,1,7.082715282382801,20.010775440358827,10.93549001617916,54
fall,0,20.57179372724811,60.89033113897838,9.141888993440855,59
fall,1,7.028376907766447,23.74815268220825,41.28554757803335,22
winter,0,29.010695234670848,42.09356462567196,14.285378383044517,152
winter,1,12.011362457312991,76.5581189964573,46.35618909322247,0
winter,0,21.200357438135317,25.015169729749267,48.49632626725954,106
spring,0,31.402372626843746,87.1470793884802,28.563023496854868,66
summer,1,24.526321071415826,20.30559381268665,7.15005613328632,269
winter,1,20.988733596540058,39.74590953615218,18.727412168979065,147
summer,0,14.730012593461268,79.27232449216572,39.8866131674107,0
summer,1,14.990057391745937,45.30161197834454,18.369536434853522,76
fall,0,25.084608655945704,28.15139104528108,4.350860915139437,170
spring,0,34.82418083663502,48.81871350403423,27.839245546409398,155
winter,0,24.855175695481357,41.63146291076204,42.25604257480174,82
fall,1,21.733502521100746,87.41695217284439,39.79631935717512,0
fall,0,26.919515307177384,45.06783340681145,8.756157006517661,120
winter,0,18.956168368511545,83.11459774208058,33.63823072062333,0
summer,1,6.804270278023557,91.34977158485879,11.025213171782354,0
fall,1,21.868904476337296,54.70539356612236,10.910376727608611,114
summer,1,33.728758535161404,92.79545150835136,43.70358866525926,95
spring,1,10.259088270729789,50.18544431705543,12.483447637011508,0
summer,0,25.700146724619973,97.12627331920865,13.16236732590056,0
spring,0,11.028010659771695,27.143161962045834,0.03266953806497774,80
summer,0,21.074830534192436,74.96154132025941,43.53345170627588,0
fall,0,7.900293489401589,59.5051232365543,39.62974066045673,0
fall,1,18.511128087745554,51.011904436451765,31.3664467545339,42
spring,0,27.684899866857382,70.61695029988807,37.51328819694211,53
winter,0,15.427145727169462,76.3085673307465,7.60242837122459,0
spring,1,24.94735173461654,20.349061572024727,22.916179729378772,258
spring,0,28.863498823691877,33.3562470997759,17.560969367439043,191
summer,0,32.81533458438358,77.0436840507455,4.688826312850825,156
summer,0,12.039262455663607,73.31083308625651,24.306524260746205,0
spring,0,16.979477474279243,97.28380041029418,46.03698251713177,0
fall,0,9.572480399912523,80.88302322006264,2.002955952534724,0
summer,0,34.77450506475125,96.06181661850704,14.573045674689695,93
winter,1,32.81002903772886,76.20324012278456,10.377046810285172,149
summer,1,21.19871390841679,43.844176691155454,11.907332683284816,147
summer,0,30.26099883129264,28.429193780068516,45.42172759396876,183
winter,0,20.628739318161266,82.54590906759485,23.403452711714507,0
spring,1,23.707570640082793,71.53193771807327,23.31497064699094,37
winter,0,7.673732963480498,23.8548809914637,38.02878212276411,0
spring,0,27.658112614904237,48.80403727207827,7.72461020024629,162
spring,0,8.831404509057045,96.54398523874289,24.36326770500254,0
spring,1,29.782028907575853,60.0320916568161,21.499260706052986,188
winter,0,28.46084263011158,54.61833088157637,29.845534527332806,86
spring,1,26.262340932289295,56.61596841274352,49.97788516252193,58
fall,0,6.084811415742863,36.7106179204131,38.47244470410235,0
winter,1,14.093850678359859,49.49657366918362,19.89328515087136,42
fall,1,12.893377097325285,49.58506047897413,41.377652613702345,0
spring,0,15.804092224145572,24.188401614997794,8.535418165624009,123
summer,1,7.629282402915156,81.40541028143346,1.5231843154480063,0
spring,0,33.10873469093188,53.32035455231032,10.222418623213652,198
fall,1,21.61406722137129,85.77439094531387,17.020577805712982,0
fall,0,14.165729319740706,88.02784008959163,25.529037872977995,0
winter,0,16.9094455122285,36.95952437589264,30.75645702705999,12
summer,1,18.41607621514507,72.58827857361028,45.53028586072109,5
winter,0,23.01783000081852,57.78254433303854,25.492700477522884,18
fall,0,20.470382830894934,90.4125390337188,25.063782231286467,0
spring,1,32.58175919643252,37.25925433411633,2.5121504911491064,290
summer,0,19.908904487174908,74.22505602480354,1.7455776328111905,40
spring,0,34.764740444699385,68.62016978021781,27.557998095818604,139
spring,1,30.542748732352873,43.624118205746626,21.908930662417227,236
summer,1,11.255315430720074,30.92807229209381,41.95901974901493,50
winter,0,32.91785643931749,72.13118083818213,8.033979235592259,140
spring,0,8.490991936564283,79.08779665058645,1.24858310585248,0
fall,1,29.52349125473575,45.250187501068,22.451938396506293,217
spring,1,16.418698804297403,71.5866083217851,11.873927837612875,51
summer,0,31.339229613352085,51.61047260892026,2.4807186669418724,226
summer,1,31.041700703223512,77.05655066260942,36.22991434238145,129
summer,0,29.177762003528635,35.93722199152425,5.579649997862374,222
winter,0,28.70091308921184,91.21720021089395,30.415975000388585,3
spring,0,14.140374172941224,42.99276771724638,14.052487508344457,0
winter,0,7.427578491537565,49.42287902049223,8.6748025177511,0
winter,0,17.089405362954842,24.647356166427983,18.987576145965875,68
summer,1,10.20573544959526,28.92097698570211,40.072288811147686,96
summer,1,25.84853266707385,61.26895221698625,19.604678845228634,164
winter,1,15.382991796133567,41.40741413823772,37.538482460552785,9
spring,1,34.26830602579744,86.83841805937556,6.274314839957534,154
fall,0,24.22916232035996,21.175471092396307,38.638570983253956,135
winter,0,29.67441690903083,50.32752389375489,11.846666245332433,120
spring,0,8.975740182255453,46.987643741527414,33.86965649444364,0
summer,0,30.860434468178678,21.54621047340808,28.289077742049816,227
summer,1,32.68271571540183,29.949471920040818,46.45723586058437,317
spring,0,19.611857564568076,53.09141399349082,19.366125898765702,68
fall,0,23.187588132529324,59.429166755795734,3.308259441722022,105
summer,1,27.944294027089864,52.34317978038953,0.9577742775626452,219
summer,1,10.245158817812376,62.475014272967506,41.34292804863765,0
summer,1,20.07698229390327,67.61053399245452,26.236781883071608,32
spring,1,16.959890833169393,20.79390569022685,38.76220259174746,125
winter,0,9.391219764867474,57.127612756280314,11.721280000575735,0
summer,0,16.02603266874594,97.07993927100706,17.254187275661685,0
winter,1,7.045169281564807,61.522582410363896,1.505193610565947,0
fall,0,5.774357208484609,74.20338139671625,48.07461622870561,0
summer,0,9.054988674644683,44.949108633350654,33.39339533504067,0
summer,0,33.89345334767522,81.91931025222101,46.66025438796531,48
fall,1,21.48588607685051,81.8337185500892,13.274820371453616,44
summer,0,33.974664834596595,61.703683812331114,30.573180561283042,150
winter,1,17.97493634990396,98.08110586233708,33.924998414631894,0
spring,0,14.354483992557787,30.044017181012272,15.877485012879422,58
winter,0,20.18425588520732,21.35581319116648,42.405461750781505,64
spring,0,18.185350658987304,81.61265694056767,47.35807314501239,0
spring,1,8.169940527852317,84.5724429891906,44.24275588480022,0
winter,0,24.224789440706186,29.6165783296461,36.953348796968626,98
winter,1,11.481145475287988,41.24662663668849,13.873233986247701,12
winter,1,23.587638646934888,21.404189069330315,14.080802105281586,218
winter,1,24.5060327719446,43.46468886244517,48.1680160223019,143
fall,0,9.560745593859444,81.85134991349372,0.5142247967846014,0
summer,0,6.840488813320045,61.436842217006316,35.802498662107226,0
spring,0,28.422847582053194,47.84764745346305,35.31230812776311,92
winter,0,18.794012713079603,49.73914359250642,31.134477047489874,5
winter,1,6.744913865164274,20.108290057237454,49.50544230434329,0
winter,1,34.84598951509301,43.98404220521887,15.593971788186261,216
fall,1,6.733416829890999,71.71669933103445,16.998593189662408,0
winter,0,25.851056865756597,97.93555550530857,3.9469701473277774,0
winter,1,34.51036775790241,87.76486615871195,22.139906827186874,132
winter,0,12.175403126477768,21.88759717164233,13.052426311742405,52
summer,1,9.267481060615886,91.88484837398715,17.169335108882212,0
fall,0,8.641548182672867,82.65587306389008,41.72858951278138,0
winter,0,14.098254427027866,82.43008988567843,46.77422567637478,0
spring,1,8.031374330319402,56.63966072028572,9.286653600259282,0
spring,1,25.76484025082396,51.840423436360226,18.625446577673294,118
spring,1,6.868753943901881,44.23325830665541,46.4315281057697,0
fall,1,20.28266384449369,25.255588716349262,3.0904230344611316,200
fall,0,34.9009056155893,38.258829079495925,4.6180264055689255,270
spring,1,29.419108085180564,39.72829079824197,8.139549460311468,197
winter,1,23.456583146930328,58.72616557681613,29.760641706343737,69
fall,1,14.18760862359835,79.79555252773551,7.523613550299873,0
spring,0,23.716875088749156,57.90478627183573,48.40381907253668,52
spring,0,20.81124391734955,24.62755595577285,22.335726362926017,158
winter,1,17.782501516711143,96.62318407905632,25.07589801750832,0
summer,0,8.921311302205984,95.41794552752899,12.332930790270325,0
fall,1,31.598126457214,82.81516345187268,23.548012621736675,64
winter,0,18.493539464639674,99.30623212513764,33.095681631850574,0
spring,0,10.838675354622952,63.55858662402103,37.55885684770214,0
spring,0,16.03278052631869,97.02146802025649,37.69340413549565,0
winter,0,17.42389257586781,26.048403249340062,28.894555634704417,80
fall,1,29.82613686700623,49.254459860909705,45.217988749692864,173
summer,1,27.00843141684206,38.030501440541265,40.87039236530547,214
summer,1,28.079146809240193,35.666646730741604,37.852405734931274,213
spring,0,5.330937932859417,31.264235911414087,2.780276084023031,0
fall,1,17.484619945392843,69.79309132527973,0.3438981109824657,86
summer,1,19.44032454905971,82.5057484597844,10.622363859773648,17
fall,1,5.5757683046917,66.26387195362885,33.176179695672616,0
fall,0,12.794396262351027,31.757016767056776,20.559874444127292,23
spring,0,27.80869469366405,84.88990159467767,20.120312964965585,66
summer,0,9.113291171869971,70.87637657309827,44.22934441148069,0
winter,1,21.05930394357775,51.05325649015964,44.77814240659194,64
spring,1,11.456056160517125,73.93042364288505,45.458763202679286,0
summer,1,5.363623239316798,40.792398339426626,15.693903825751365,0
summer,0,12.236043727986244,47.61537667953684,34.55279063696309,0
summer,0,34.27621264730161,93.39886745055922,13.581659063718481,127
summer,1,29.046113356489688,43.240360453713635,9.530491653722489,235
summer,0,33.787299329631,57.59906145263493,9.231622867368461,173
fall,0,19.63562131779087,91.21129099168117,17.1053810431797,0
spring,0,8.292085960325105,76.6177080214022,21.497880988991085,0
fall,0,21.43878466921079,24.97625809317622,41.54745855275342,120
winter,1,18.631320036798826,31.784243542317625,5.994554673635605,165
summer,0,30.330712482188478,20.627327261753344,36.74629236974471,244
spring,0,7.942477423527338,70.47374321833307,26.572745709465266,0
summer,0,19.647234110653343,55.81387403283347,14.397267133799623,73
spring,0,9.501459940819528,30.741988072182043,24.640979226641228,0
fall,1,14.7402778067018,96.63472968454164,14.997103488851133,0
spring,1,27.120712321633988,62.37277791564959,29.804097761915298,122
winter,0,19.280543881062997,39.351463529031136,21.69219614276221,43
winter,0,16.276648554373082,60.0482856923766,8.220276453943937,4
spring,0,16.83428835710106,74.36962661880862,5.829153727784836,0
spring,0,18.7834030521796,26.099137437885158,27.33478410360651,79
spring,0,28.550496315111708,41.97630520383136,45.12065166430517,136
spring,0,31.76254066820703,84.55723927071949,17.197884327884278,94
winter,1,33.66004059511785,56.7731896322129,36.65000536113116,209
summer,0,28.607101587658853,63.72617136258359,32.93306774698835,127
spring,1,14.462206872440381,54.62528017675754,46.57774571547405,19
spring,1,25.644041182596265,23.51199541144041,41.049050864957046,215
winter,0,18.128093721661756,33.259982385612474,28.330262945273148,58
winter,1,12.640118661381536,55.64333109935127,32.85152491170537,1
fall,1,30.22614738277768,36.73483723263423,44.919323329201745,171
spring,1,6.15279046886975,23.998322292774297,19.97593922934674,40
fall,1,32.0528597640627,87.4919731241459,16.339735292888868,94
winter,1,18.844323938742026,98.49540233312926,0.540554181759817,0
winter,1,24.116044304248412,83.45142991973916,41.32755370957321,19
summer,0,24.78061766617348,88.30279373637336,40.04903502016825,0
spring,1,31.85353222119609,39.35817042536363,5.222725905007569,222
fall,1,24.10009046501622,96.85015804105598,28.842869056635013,0
winter,1,23.418007542801853,35.75405635627427,23.199084908344368,174
winter,0,6.999561216820699,96.11438482894658,5.9354547754555735,0
fall,1,20.552240658356123,99.58554351727608,49.02841135303618,0
summer,0,9.50507002451125,76.9378244596839,10.734794373167771,0
winter,1,27.123013061644567,98.49149854334576,3.3617090045280573,0
spring,0,20.366657624380235,65.56318236536829,29.74236897509548,15
winter,0,25.4068333762506,40.763342654087225,36.943333856651634,65
spring,1,6.250187018071528,54.95967085324967,1.6221723023593482,39
fall,1,7.543760481374097,67.48487483030289,32.93588193635111,0
spring,0,26.48970164188047,25.846524962161197,26.614593797572724,172
fall,1,7.1625300799602005,69.7874611693797,5.163250443752421,0
spring,0,7.137701832957758,98.49422694098357,8.626193847318103,0
fall,0,5.3632542570466235,35.20861198269821,28.398714865804024,0
spring,0,33.695041948984404,83.40760930307067,14.81788067566442,132
summer,0,27.12525078377021,92.63190350236955,46.9157864325658,0
spring,0,15.597542255061924,95.49612742561766,40.93701147420254,0
spring,1,13.896067438629657,96.81084835243578,49.17836032568315,0
summer,0,15.491096892375486,61.71677109771775,12.983541947520699,11
winter,0,28.239605935435456,98.1846326393203,48.48618163989885,0
winter,1,24.841118332112433,80.58481657075511,21.561693489577895,19
spring,0,10.555867036024038,32.93371489895695,17.375939765687733,29
summer,1,10.22328006002253,58.1520085174376,2.517476348467662,41
spring,1,7.9518694914019195,77.46649402976033,2.638262892980131,0
fall,1,24.809081591040144,39.787225265526665,34.600562797332735,207
fall,0,27.93117986665208,71.24921468391099,22.896449721701394,93
spring,0,12.951392849750121,73.32803832372954,11.326081301805285,0
winter,0,5.628348830927385,33.01597950468527,30.69851531626163,0
winter,1,7.465150024292821,65.2068249962205,12.642905912505558,0
spring,0,34.035801045350915,81.7301528782886,28.88158771722113,94
spring,1,13.863343324322608,59.91165316287535,17.960437349134516,30
fall,0,28.07669443514401,20.968249342088594,41.17761133059095,190
winter,1,23.739907065627914,20.723077526343374,41.034808038338966,186
spring,0,16.458189189586875,48.562347517600976,23.867519906120066,59
fall,0,11.170617865866653,94.09552547454255,17.54095546675078,0
winter,0,8.641592544782192,38.2941423682887,18.12798982795473,0
summer,1,23.450389041165998,70.74909510973498,40.285726283410895,105
fall,1,28.239013419133638,37.76606965546564,16.4089741398806,265
winter,0,24.31712760623392,45.73359917276389,10.4529686853423,179
winter,0,20.90906399747475,87.84336716811872,4.234417093765341,0
fall,1,6.258536702949088,78.30891538159575,23.33465604422042,0
summer,1,34.05466332783151,27.63194218505685,24.106604945992093,279
fall,1,28.961425749637236,54.296161678914686,42.04543552014536,157
winter,0,13.784661101028941,22.333581091621156,11.061934822303199,50
spring,1,34.39910988076552,58.47121172824072,19.049563683419997,278
spring,0,23.056447689089662,72.99472093608544,40.42028694468455,0
fall,1,22.472679746217395,29.480209887852126,41.181180537448675,112
winter,0,27.442195382885963,43.11079511273326,19.23055379893841,114
spring,1,29.353093642704128,51.826930040172556,22.956201164334043,144
winter,1,24.69435821994508,93.56248197248398,15.164294542464146,22
fall,1,8.842872390986,99.46040123383712,46.6277439209656,0
spring,1,15.148025179834953,23.592903919649267,5.932188287079016,162
winter,1,32.8425092097815,80.88063387963136,46.6874711500735,23
spring,0,11.738468355315558,49.73792531218746,34.19332259176716,0
fall,1,16.165010715125398,51.396654898358406,26.57860763433656,88
winter,1,17.96230648832588,80.34119786776182,1.6329530392247937,5
spring,1,18.182149690833565,93.4741145716327,23.779809591100413,0
fall,0,23.388187474835764,96.07428756020387,20.387405250136613,0
spring,1,33.29227513234123,66.16980688306566,8.060940598756128,212
spring,0,12.220781354975149,48.569692744040225,32.82048017503285,0
summer,1,8.645041289027542,83.00392686870234,48.55754536841429,0
summer,1,10.924114695798119,40.08011066098402,28.109440553226257,71
fall,0,31.607747006278085,65.12592230668142,35.73766382219729,29
summer,1,24.37432437965618,48.68627692198985,3.422522628300839,186
fall,0,13.577203677174804,72.5304858966301,20.883349790849735,0
summer,0,29.47840816905852,39.23191303148055,5.817924258224794,244
spring,1,30.84109989090308,35.32743565878606,30.63979177682552,247
fall,0,30.39543016070834,93.45912693403497,46.92410791070773,0
fall,1,32.56779600918664,28.14429463596295,33.08888662358193,246
spring,1,12.567230605200848,60.47663261879453,3.8401524157210765,33
fall,0,27.65125786238835,37.668222637040714,17.733310249254142,164
fall,0,18.816184918224202,23.114397066053396,27.533168972042578,93
summer,0,30.259956586701847,22.881505463314113,20.160387806662612,251
fall,0,26.854720314848397,34.01774176846619,41.68220052375862,151
winter,1,28.293423394991738,89.34162836048002,40.73355023549946,0
spring,1,24.684855130432144,42.598299518162136,30.591551005161072,160
summer,0,10.322863084091207,96.03673364602366,18.672897256635263,0
summer,1,21.35080756690815,66.52978343913549,12.766818688162207,69
winter,1,34.54009218573525,54.92913518150129,5.2937159106564655,186
spring,1,33.12164199491357,66.40710677355636,17.7448841743277,214
spring,1,6.29521207391035,61.33587081810142,20.658625860385975,0
summer,0,9.944444471883113,80.70210030058601,33.79114625520368,0
fall,0,8.951863203636858,42.59968527782818,32.90799121487867,0
summer,1,26.779397299558866,48.24403132802419,3.5054069820628477,221
spring,0,29.53355989570835,91.52754420266005,19.762965771557887,71
winter,0,11.405340989320157,95.71652105203243,9.088943360868097,0
summer,0,20.175580788554868,91.40465819891796,7.840635265840285,0
spring,1,30.221090840336,53.55583951658509,41.36510748686229,134
summer,1,26.98404634298752,82.42924024055054,2.0957608358128765,100
fall,1,21.26711616475545,58.1068586640879,20.959143795106066,15
summer,0,22.710430713763188,59.80318817168818,8.41018278832591,74
summer,1,20.2508164074884,36.374408724582715,43.9665107839237,161
spring,1,13.926453539564617,67.29042426068132,27.852025663751757,0
spring,0,21.950659785770483,34.89087182026783,11.5690318188424,131
spring,1,25.66655906150272,46.5251759253755,25.12136435831882,168
summer,1,31.19968747582423,88.40241612959481,36.574317985155794,84
fall,0,24.088740619377443,36.56606473686842,47.90590044597169,94
winter,0,27.83364611129474,25.692662813874627,11.022300212270947,213
winter,0,9.80214904863719,25.520607409025303,44.309088606467256,0
spring,1,18.846724232593697,95.26276164024863,46.71520570837451,0
spring,1,5.279948594812799,60.55363503694677,45.82102722660331,0
summer,1,12.40036593564869,52.752965745361465,31.770717843095493,17
winter,0,26.793851453390147,84.87028648063347,31.491032721735383,0
spring,0,34.7542985404809,86.86607423284129,20.16053165919114,167
fall,1,7.975342987616477,46.575282649248365,37.619894115189396,0
fall,1,17.044829475838647,75.48944459790363,26.564700917546595,0
spring,0,29.002129060974784,81.68982526815093,33.871903561414726,15
spring,0,11.121069038866965,72.37205494927636,21.42289519243977,0
winter,0,21.65254847906859,32.12760598400795,36.574823202156956,86
winter,0,26.992138880890245,90.07064668136456,41.22357588022745,0
summer,1,23.47956350780537,63.12756421888069,7.321812830140805,118
winter,0,10.640742038462484,42.597794109600294,41.6464857787114,0
fall,1,15.661537060572183,54.01825483501551,27.014826589515362,70
fall,1,28.513753534561918,23.00568723191259,42.233295454511214,243
spring,1,21.6267954239605,30.229344097793405,21.56508531705073,207
winter,0,5.156888406287382,81.24374004126886,18.952024269151753,0
summer,0,27.829722800842816,20.000930780429293,45.75303662586112,228
fall,0,6.059340648207172,53.32526627858337,12.558463377420065,0
fall,0,27.372013481936964,61.800814486847074,42.210616264307156,31
summer,1,11.074416804957123,24.370753600077784,24.201028625470205,119
summer,0,33.74220440358141,97.84625303778662,25.704772127562986,40
fall,0,16.038222539062534,38.09002649997375,15.4234140744742,37
fall,1,14.807948490142373,44.33589757090247,28.652110030950784,56
summer,0,9.46664150997334,44.31540098040219,16.260559813810566,4
fall,1,14.168126464706447,38.43333296938799,1.9634707120826156,73
spring,1,31.299522854846018,20.11790576690491,13.599930267217802,348
spring,1,34.890030128817415,78.34758352703972,0.31895217032953393,217
summer,1,16.049285915205452,97.34763998394283,48.91773935284283,0
winter,1,18.458318928636277,37.94347866280361,48.287360490987375,19
summer,1,26.66212814608211,73.0437753442738,19.75776487361525,124
summer,1,31.585873413952235,79.3517061566972,36.4185427169823,122
winter,1,22.791330025603525,87.87403032724198,17.290304920521248,1
winter,0,16.745770945334883,53.81033576108873,33.5546578542988,0
winter,0,17.37865522545871,44.23447245123434,40.27150215229896,0
spring,0,25.868544394904205,46.02361072184249,47.33781223461204,79
fall,0,5.09654790812836,77.00970664788102,20.0106137924836,0
spring,1,23.58768012379522,85.34235732045089,39.16489914780239,26
fall,0,15.664790313240722,34.52911742052821,13.29642253160594,45
spring,1,28.825919938312527,49.67528065262122,49.51661518968242,196
fall,0,7.789719194693965,92.155215739932,1.2884799382175571,0
spring,0,22.646068008451714,84.53548157557914,30.17644032505605,0
winter,0,19.429186696583713,98.78867222099807,32.97529908256636,0
summer,1,24.26976577715682,80.33986077456646,34.402277853706444,81
spring,0,6.94560783448905,51.45561608223378,6.019378939454451,0
fall,1,22.399513622843937,67.25102671957103,46.92648917365652,60
winter,1,21.844537638785713,72.88114033978562,9.05916395250414,36
spring,0,21.819802832485127,26.276465305369918,31.137670161992055,105
spring,0,23.104629997893646,63.55975672830921,11.133803956154248,99
winter,0,25.294038116790865,76.74566627780877,15.360820851063545,6
spring,1,29.149669990423092,33.38570432008483,27.322927086406217,245
summer,0,13.09462160384643,82.45053739404457,20.859670928228823,0
spring,1,29.75148230540186,66.70182244112894,8.011280048825315,149
summer,1,19.94767046790361,96.17774285580757,8.546820121042414,23
summer,0,7.311748374029935,23.393783856551337,20.907239408139983,16
winter,0,6.756527877319376,41.22609100443736,37.86414891377504,0
spring,1,15.027149560881824,68.12431034398593,44.89823234238943,0
winter,1,28.546909313344027,43.724792976474454,4.206383112969142,170
spring,1,26.230428042227473,77.15393312569938,19.655195377970053,71
spring,0,28.658448940172192,80.72042260175448,5.012278186143831,110
fall,1,20.51807169324828,28.201277125317958,0.8296240316298942,221
spring,0,18.205969938664715,61.108357136541414,33.08593413219783,0
winter,1,9.42357580118852,60.71124444728447,30.12247209832939,0
summer,1,14.845782608279347,49.54246161724328,8.150955690744311,90
spring,0,18.020580985216256,94.63398900557377,11.690641654653206,0
fall,1,7.658012890388517,86.2005055898577,1.185387682225919,0
winter,0,11.618358581336338,75.77675055277095,41.74736028472019,0
spring,0,22.946758821912166,77.14613085879981,48.73452980242757,0
winter,1,27.069893427175696,56.93729150504953,6.7729768397345405,130
fall,0,34.95042534178849,93.67956168772606,11.573760688264906,120
fall,0,32.99339994030673,75.56763418026283,43.4204761973467,29
winter,1,24.276955986055746,78.31848493246531,46.32318989780924,39
spring,0,17.63744159882216,88.93527230298761,20.981369140340515,0
summer,0,24.08532094124698,41.925727147375284,2.5311236134537065,165
fall,0,28.56954854240696,84.56567230933624,1.96959168464097,11
spring,1,8.55008572770162,35.61924823651936,28.69749330345052,14
spring,0,17.297146690888646,47.627356179591025,19.64475544465895,14
summer,1,30.194068569068516,46.848836341587415,1.4326213788827258,254
fall,1,16.51498855799132,98.28203747113125,29.16261961562784,0
fall,0,22.156168136815594,88.52297789983415,0.5651268294511236,9
spring,0,22.633080825865946,76.09358892722078,39.368597907463645,0
spring,0,10.53428759400918,78.16454092923121,15.321641135168578,0
summer,1,15.867063249568652,64.96582355220568,2.012900150461605,43
summer,0,15.035338662257963,95.76725336868152,29.417611049157667,0
fall,0,5.785901255961944,59.70070023058892,19.884220721652735,0
winter,0,5.725752916740658,50.441416789591564,48.690020667857475,0
fall,0,29.950911310273202,33.04282695452728,27.20993312518511,230
spring,0,13.192124299184373,82.89645218088464,13.761959051850415,0
fall,1,20.542362987164463,78.75551456604731,35.47194323169874,0
winter,1,13.961767207663192,50.74840308193079,13.574600127135566,53
summer,0,33.220377353460215,22.01547311673835,45.212164570378256,290
winter,0,12.778902765973212,87.11978621744086,18.73609852536882,0
winter,0,17.889704382168052,20.91343867632589,27.49342813881026,75
winter,0,31.181907514538054,76.29598237032408,2.5286551912114428,87
summer,1,30.25800700375426,97.62056877808456,21.30606189761154,96
winter,0,10.58304253538832,55.01290625185628,41.61817698304975,0
winter,1,29.079299293871312,38.79787239967622,40.28244026816709,174
winter,1,18.74560660213678,76.38968080347054,11.215927942676313,16
spring,0,19.489066162560654,85.37025136124682,11.303953550528135,2
winter,1,9.004399172478314,63.71442528622779,40.86526561066184,0
summer,1,7.41804541271374,97.36282202049169,46.51992100846628,0
winter,1,26.838179209212957,24.13349773263689,4.768046063650178,210
winter,1,19.893834570658992,60.38364786436225,22.502931971311263,0
summer,0,18.105521078455386,77.476315785804,16.872713948211448,0
winter,0,26.8852468595719,89.01123769193431,43.53442277287197,0
summer,1,27.96538696973329,34.340448952623206,4.176245734000938,267
winter,0,9.767245030080607,84.00027854109452,10.556297127901871,0
summer,0,23.30675448432924,64.21656605748362,37.623416879324715,42
winter,0,9.060622468330566,51.724294559197055,2.564692449060779,0
winter,0,27.54125258087137,30.537202286327485,24.626769035714464,159
spring,0,24.708654688014185,89.223660712713,22.105351733986,0
spring,1,33.69843863250374,32.581856654377226,16.720058949437433,328
winter,0,7.068740490692635,44.78302873672794,19.728615765946188,0
winter,0,6.71164163453763,43.20364255699495,26.497029346511646,0
fall,0,13.465612240796004,89.71312273526834,8.068367919419156,0
